id,checkInDate,checkOutDate,adults,children,infants,totalCost,listing_id,user_id
1,Fri Dec 11 2020,Wed Dec 23 2020,7,3,1,2050.72,1,308427
2,Thu Dec 24 2020,Sun Dec 27 2020,7,1,1,518.56,1,669873
3,Tue Dec 29 2020,Wed Jan 06 2021,2,9,0,1369.76,1,679430
4,Sun Jan 10 2021,Fri Jan 22 2021,10,0,0,2050.72,1,106322
5,Sun Jan 24 2021,Sat Feb 06 2021,1,5,1,2220.96,1,478908
6,Fri Feb 12 2021,Sat Feb 20 2021,12,0,0,1369.76,1,843824
7,Thu Feb 25 2021,Mon Mar 01 2021,2,0,8,688.80,1,515332
8,Wed Mar 03 2021,Fri Mar 05 2021,7,1,3,348.32,1,314084
9,Fri Mar 12 2021,Sat Mar 20 2021,1,7,3,1369.76,1,511401
10,Sat Mar 27 2021,Wed Mar 31 2021,11,0,0,688.80,1,542838
11,Wed Apr 07 2021,Sat Apr 10 2021,2,1,7,518.56,1,855946
12,Sun Apr 11 2021,Sat Apr 17 2021,9,2,0,1029.28,1,663759
13,Sat Apr 24 2021,Wed Apr 28 2021,4,0,7,688.80,1,972633
14,Sun May 02 2021,Thu May 13 2021,1,3,6,1880.48,1,248009
15,Wed May 19 2021,Sun May 23 2021,4,1,5,688.80,1,173578
16,Sat May 29 2021,Sun May 30 2021,12,0,0,178.08,1,229630
17,Tue Dec 08 2020,Tue Dec 29 2020,2,0,1,2243.36,2,799311
18,Tue Jan 05 2021,Sat Jan 16 2021,1,1,1,1212.96,2,22542
19,Sat Jan 23 2021,Tue Feb 09 2021,4,0,0,1831.20,2,811982
20,Thu Feb 11 2021,Sat Feb 27 2021,2,0,0,1728.16,2,647446
21,Tue Mar 02 2021,Wed Mar 17 2021,4,0,0,1625.12,2,21404
22,Tue Mar 23 2021,Wed Apr 07 2021,4,0,0,1625.12,2,632713
23,Thu Apr 08 2021,Mon Apr 12 2021,4,0,0,491.68,2,867270
24,Sat Apr 17 2021,Wed Apr 28 2021,2,1,0,1212.96,2,38161
25,Thu Apr 29 2021,Tue May 11 2021,4,0,0,1316.00,2,140977
26,Wed Dec 09 2020,Sun Dec 27 2020,6,0,2,6008.80,3,871975
27,Fri Jan 01 2021,Tue Jan 12 2021,11,0,0,3703.84,3,836699
28,Wed Jan 13 2021,Sun Jan 24 2021,7,0,0,3703.84,3,379632
29,Fri Dec 11 2020,Sun Dec 27 2020,5,0,0,2488.64,4,412925
30,Tue Dec 29 2020,Fri Jan 01 2021,1,2,2,479.36,4,285947
31,Sat Dec 05 2020,Sun Dec 27 2020,1,0,4,6366.08,5,368432
32,Sun Jan 03 2021,Sat Jan 23 2021,3,2,0,5797.12,5,934084
33,Mon Jan 25 2021,Sat Feb 13 2021,4,1,0,5512.64,5,947071
34,Fri Feb 19 2021,Tue Mar 09 2021,1,3,0,5228.16,5,727218
35,Fri Mar 12 2021,Sun Mar 21 2021,6,0,0,2667.84,5,440698
36,Mon Mar 22 2021,Mon Mar 29 2021,6,0,0,2098.88,5,860991
37,Wed Mar 31 2021,Thu Apr 22 2021,1,3,0,6366.08,5,628379
38,Wed Apr 28 2021,Sun May 02 2021,6,0,0,1245.44,5,435651
39,Fri May 07 2021,Fri May 14 2021,5,0,0,2098.88,5,227249
40,Sun May 16 2021,Tue May 25 2021,3,0,2,2667.84,5,542242
41,Sat May 29 2021,Thu Jun 17 2021,5,0,0,5512.64,5,164801
42,Sun Jun 20 2021,Mon Jun 28 2021,5,0,0,2383.36,5,447540
43,Mon Dec 07 2020,Fri Dec 11 2020,5,0,1,666.40,6,502787
44,Sun Dec 13 2020,Mon Dec 28 2020,5,1,2,2243.36,6,325298
45,Tue Dec 29 2020,Tue Jan 26 2021,1,7,1,4107.04,6,811557
46,Wed Jan 27 2021,Sun Feb 14 2021,10,0,0,2673.44,6,805352
47,Fri Feb 19 2021,Tue Feb 23 2021,6,3,0,666.40,6,763417
48,Sun Feb 28 2021,Sat Mar 13 2021,7,0,2,1956.64,6,318038
49,Tue Mar 16 2021,Sat Mar 20 2021,5,1,3,666.40,6,473559
53,Wed Dec 09 2020,Sat Dec 19 2020,3,5,2,1467.20,7,115106
54,Mon Dec 21 2020,Thu Jan 07 2021,5,4,0,2415.84,7,961830
55,Mon Jan 11 2021,Wed Jan 13 2021,2,9,0,383.04,7,456575
56,Wed Jan 20 2021,Sat Feb 06 2021,3,4,1,2415.84,7,700100
57,Wed Feb 10 2021,Sat Feb 20 2021,4,4,1,1467.20,7,133569
58,Sat Feb 27 2021,Mon Mar 01 2021,12,0,0,383.04,7,450102
59,Mon Mar 08 2021,Thu Mar 11 2021,11,0,0,518.56,7,844769
60,Mon Mar 15 2021,Wed Mar 31 2021,8,3,0,2280.32,7,211135
61,Mon Apr 05 2021,Fri Apr 16 2021,6,4,0,1602.72,7,457857
62,Wed Dec 09 2020,Fri Dec 18 2020,5,0,0,2732.80,8,691895
63,Wed Dec 23 2020,Sat Jan 02 2021,5,1,0,3027.36,8,496953
64,Tue Jan 05 2021,Tue Jan 12 2021,6,0,0,2143.68,8,183063
65,Tue Jan 19 2021,Fri Jan 29 2021,6,0,0,3027.36,8,234791
66,Sun Jan 31 2021,Fri Feb 12 2021,3,0,3,3616.48,8,381825
67,Fri Feb 19 2021,Mon Feb 22 2021,5,0,1,965.44,8,627821
68,Mon Dec 07 2020,Wed Dec 09 2020,4,0,0,516.32,9,784667
69,Thu Dec 10 2020,Fri Dec 11 2020,4,0,0,314.72,9,671787
70,Sat Dec 12 2020,Wed Dec 16 2020,1,0,0,919.52,9,349482
71,Mon Dec 21 2020,Sat Dec 26 2020,5,0,0,1121.12,9,160464
72,Thu Dec 31 2020,Sat Jan 09 2021,2,0,2,1927.52,9,372779
73,Wed Jan 13 2021,Thu Jan 14 2021,2,1,1,314.72,9,709561
74,Thu Jan 21 2021,Thu Jan 28 2021,4,0,0,1524.32,9,48525
75,Sun Jan 31 2021,Tue Feb 02 2021,5,0,0,516.32,9,821373
76,Wed Feb 03 2021,Wed Feb 10 2021,2,2,0,1524.32,9,736679
77,Mon Feb 15 2021,Thu Feb 18 2021,2,2,0,717.92,9,266126
78,Tue Feb 23 2021,Sun Feb 28 2021,3,0,0,1121.12,9,504860
79,Sat Mar 06 2021,Sat Mar 13 2021,3,1,0,1524.32,9,96612
80,Tue Mar 16 2021,Mon Mar 22 2021,1,1,1,1322.72,9,585933
81,Tue Mar 23 2021,Wed Mar 31 2021,1,2,0,1725.92,9,608091
82,Tue Apr 06 2021,Fri Apr 09 2021,1,3,0,717.92,9,122533
83,Sun Apr 11 2021,Tue Apr 20 2021,1,0,3,1927.52,9,437295
84,Sun Dec 06 2020,Wed Dec 30 2020,3,1,0,7303.52,10,70235
85,Mon Jan 04 2021,Thu Jan 07 2021,3,1,0,976.64,10,411685
86,Sat Jan 09 2021,Fri Jan 22 2021,5,0,0,3989.44,10,685296
87,Wed Jan 27 2021,Fri Feb 19 2021,4,0,0,7002.24,10,421874
88,Fri Feb 26 2021,Thu Mar 18 2021,3,0,1,6098.40,10,217572
89,Tue Mar 23 2021,Sun Mar 28 2021,1,3,0,1579.20,10,503987
90,Mon Mar 29 2021,Thu Apr 22 2021,4,0,0,7303.52,10,676098
91,Sat Apr 24 2021,Mon May 17 2021,4,0,0,7002.24,10,85828
92,Sun May 23 2021,Mon Jun 14 2021,2,1,0,6700.96,10,701945
93,Fri Dec 11 2020,Tue Dec 29 2020,5,3,0,1506.40,11,486223
94,Mon Jan 04 2021,Wed Jan 13 2021,1,4,2,810.88,11,252545
95,Mon Jan 18 2021,Thu Jan 21 2021,9,0,0,347.20,11,979727
96,Mon Jan 25 2021,Tue Feb 09 2021,6,1,0,1274.56,11,738146
97,Sat Feb 13 2021,Tue Feb 23 2021,5,3,0,888.16,11,223040
98,Tue Mar 02 2021,Mon Mar 15 2021,7,0,1,1120.00,11,785248
99,Sun Mar 21 2021,Tue Apr 06 2021,2,6,0,1351.84,11,208017
110,Sun Dec 06 2020,Mon Dec 28 2020,12,0,0,1332.80,12,745640
111,Sun Jan 03 2021,Wed Jan 13 2021,8,2,2,620.48,12,787088
112,Thu Jan 14 2021,Mon Jan 18 2021,5,6,0,264.32,12,48414
113,Thu Dec 10 2020,Thu Dec 17 2020,2,8,2,1515.36,13,820489
114,Thu Dec 24 2020,Wed Dec 30 2020,8,4,1,1317.12,13,390022
115,Thu Dec 31 2020,Sat Jan 23 2021,6,6,0,4687.20,13,888390
116,Sat Jan 30 2021,Wed Feb 10 2021,10,2,1,2308.32,13,462970
117,Sat Feb 13 2021,Mon Mar 01 2021,1,2,3,3299.52,13,795929
118,Thu Mar 04 2021,Mon Mar 15 2021,9,4,0,2308.32,13,49059
119,Thu Mar 18 2021,Mon Mar 29 2021,12,1,0,2308.32,13,244699
120,Sat Apr 03 2021,Fri Apr 09 2021,7,2,4,1317.12,13,750684
121,Wed Apr 14 2021,Fri Apr 23 2021,6,1,2,1911.84,13,104422
122,Fri Apr 30 2021,Sun May 09 2021,9,2,0,1911.84,13,208955
123,Thu Dec 10 2020,Mon Dec 21 2020,11,0,0,1832.32,14,660934
124,Sat Dec 26 2020,Thu Jan 07 2021,5,4,1,1990.24,14,941932
125,Sat Jan 09 2021,Thu Jan 21 2021,3,6,0,1990.24,14,891956
126,Tue Jan 26 2021,Mon Feb 08 2021,6,0,0,2148.16,14,413386
127,Wed Feb 10 2021,Fri Feb 26 2021,3,3,3,2621.92,14,149280
128,Thu Mar 04 2021,Mon Mar 08 2021,1,6,3,726.88,14,660821
129,Sat Dec 05 2020,Sun Dec 06 2020,12,1,0,399.84,15,578765
130,Sun Dec 13 2020,Sun Dec 20 2020,6,5,0,2308.32,15,893093
131,Wed Dec 23 2020,Thu Dec 24 2020,7,4,0,399.84,15,41607
132,Thu Dec 31 2020,Tue Jan 05 2021,2,9,1,1672.16,15,348943
133,Tue Jan 12 2021,Wed Jan 20 2021,4,8,1,2626.40,15,766810
134,Mon Jan 25 2021,Sat Jan 30 2021,8,1,4,1672.16,15,533972
135,Fri Feb 05 2021,Thu Feb 11 2021,2,4,2,1990.24,15,521985
136,Fri Feb 12 2021,Sat Feb 13 2021,12,0,0,399.84,15,292578
137,Thu Feb 18 2021,Wed Feb 24 2021,8,2,3,1990.24,15,358774
138,Thu Feb 25 2021,Mon Mar 01 2021,4,3,3,1354.08,15,251965
139,Sun Mar 07 2021,Wed Mar 10 2021,12,0,1,1036.00,15,817657
140,Sat Mar 13 2021,Tue Mar 16 2021,4,2,4,1036.00,15,775493
141,Sun Dec 06 2020,Wed Dec 09 2020,2,0,0,442.40,16,766197
142,Thu Dec 10 2020,Sat Dec 26 2020,1,1,1,1971.20,16,99125
143,Wed Dec 30 2020,Mon Jan 18 2021,1,1,1,2324.00,16,435780
144,Fri Jan 22 2021,Sat Feb 06 2021,4,0,0,1853.60,16,595248
145,Wed Feb 10 2021,Tue Feb 16 2021,3,0,0,795.20,16,279646
146,Tue Feb 23 2021,Tue Mar 09 2021,3,0,0,1736.00,16,307141
147,Sun Mar 14 2021,Sat Mar 20 2021,1,2,0,795.20,16,542711
148,Tue Mar 23 2021,Mon Apr 12 2021,1,2,0,2441.60,16,986393
149,Thu Apr 15 2021,Sun May 02 2021,1,2,0,2088.80,16,854417
157,Sat Dec 05 2020,Fri Jan 01 2021,2,2,0,7616.00,17,766448
158,Fri Jan 08 2021,Mon Feb 01 2021,5,0,0,6782.72,17,477250
159,Mon Feb 08 2021,Tue Feb 09 2021,6,0,0,394.24,17,673130
160,Wed Feb 10 2021,Wed Feb 24 2021,4,0,1,4005.12,17,447614
161,Sat Feb 27 2021,Thu Mar 11 2021,2,2,0,3449.60,17,319022
162,Mon Mar 15 2021,Wed Mar 24 2021,3,0,1,2616.32,17,384093
163,Sat Mar 27 2021,Tue Mar 30 2021,2,3,0,949.76,17,336148
164,Thu Apr 01 2021,Tue Apr 27 2021,4,1,0,7338.24,17,401590
165,Sat May 01 2021,Thu May 27 2021,5,0,0,7338.24,17,618866
166,Fri May 28 2021,Mon May 31 2021,5,0,0,949.76,17,960059
167,Fri Jun 04 2021,Mon Jun 07 2021,1,0,4,949.76,17,356820
168,Wed Jun 09 2021,Sun Jul 04 2021,6,0,0,7060.48,17,174316
169,Sun Jul 11 2021,Tue Jul 27 2021,6,0,0,4560.64,17,390819
170,Mon Aug 02 2021,Fri Aug 13 2021,5,0,0,3171.84,17,709814
171,Tue Dec 08 2020,Wed Dec 23 2020,13,0,0,2007.04,18,54104
172,Sat Dec 26 2020,Mon Jan 04 2021,7,2,0,1207.36,18,358161
173,Sun Jan 10 2021,Sun Jan 24 2021,13,0,0,1873.76,18,690357
174,Tue Jan 26 2021,Mon Feb 01 2021,12,0,0,807.52,18,885225
175,Fri Feb 05 2021,Sat Feb 20 2021,6,6,0,2007.04,18,390764
176,Fri Feb 26 2021,Sat Mar 13 2021,6,0,5,2007.04,18,813421
177,Wed Mar 17 2021,Fri Mar 26 2021,10,1,0,1207.36,18,737056
178,Mon Mar 29 2021,Tue Mar 30 2021,3,6,3,141.12,18,149729
179,Tue Apr 06 2021,Sun Apr 18 2021,2,8,0,1607.20,18,793044
180,Wed Apr 21 2021,Sat May 01 2021,7,1,4,1340.64,18,837106
181,Thu May 06 2021,Sat May 22 2021,4,8,0,2140.32,18,43667
182,Thu May 27 2021,Fri May 28 2021,9,3,0,141.12,18,190129
183,Fri Jun 04 2021,Sun Jun 13 2021,5,7,0,1207.36,18,642547
184,Mon Jun 14 2021,Fri Jun 25 2021,5,0,6,1473.92,18,624553
185,Sun Jun 27 2021,Tue Jul 13 2021,5,2,2,2140.32,18,554196
186,Tue Jul 20 2021,Thu Jul 29 2021,3,5,0,1207.36,18,539010
187,Tue Aug 03 2021,Fri Aug 06 2021,1,4,3,407.68,18,283900
188,Thu Aug 12 2021,Tue Aug 24 2021,2,8,2,1607.20,18,302873
189,Sat Aug 28 2021,Mon Aug 30 2021,2,2,6,274.40,18,949690
190,Tue Dec 08 2020,Mon Dec 21 2020,4,2,1,1697.92,19,741731
191,Fri Dec 25 2020,Sun Jan 10 2021,13,0,0,2070.88,19,383697
192,Fri Jan 15 2021,Sun Jan 31 2021,9,1,1,2070.88,19,734001
193,Wed Feb 03 2021,Sun Feb 21 2021,1,9,1,2319.52,19,693172
194,Tue Dec 08 2020,Wed Dec 23 2020,2,1,6,4717.44,20,26126
195,Sun Dec 27 2020,Wed Jan 13 2021,3,3,0,5333.44,20,911994
196,Thu Jan 14 2021,Sat Jan 30 2021,7,0,2,5025.44,20,133076
197,Sun Jan 31 2021,Mon Feb 15 2021,4,1,4,4717.44,20,892930
198,Sat Feb 20 2021,Tue Mar 09 2021,5,4,0,5333.44,20,803202
199,Sun Mar 14 2021,Tue Mar 30 2021,6,0,0,5025.44,20,335950
210,Fri Dec 11 2020,Mon Dec 14 2020,7,1,1,1011.36,21,657595
211,Sat Dec 19 2020,Mon Dec 21 2020,2,1,1,680.96,21,224248
212,Sun Dec 27 2020,Tue Jan 12 2021,11,0,0,5306.56,21,104081
213,Mon Jan 18 2021,Fri Jan 29 2021,6,4,0,3654.56,21,309893
214,Fri Feb 05 2021,Sat Feb 06 2021,6,1,2,350.56,21,791304
215,Tue Feb 09 2021,Sat Feb 13 2021,6,3,1,1341.76,21,728311
216,Sun Feb 14 2021,Thu Feb 18 2021,3,5,0,1341.76,21,152075
217,Thu Dec 10 2020,Thu Dec 17 2020,15,0,0,1650.88,22,679906
218,Thu Dec 24 2020,Sun Jan 17 2021,6,1,4,5630.24,22,375223
219,Wed Dec 09 2020,Mon Dec 14 2020,9,1,1,1559.04,23,66848
220,Wed Dec 16 2020,Wed Dec 23 2020,8,3,2,2152.64,23,594438
221,Tue Dec 29 2020,Wed Jan 13 2021,14,0,0,4527.04,23,717616
222,Sun Jan 17 2021,Sun Jan 24 2021,12,0,1,2152.64,23,62474
223,Fri Jan 29 2021,Thu Feb 04 2021,10,2,0,1855.84,23,124213
224,Fri Feb 05 2021,Wed Feb 24 2021,12,0,0,5714.24,23,280544
225,Sun Feb 28 2021,Thu Mar 18 2021,14,0,0,5417.44,23,727488
226,Wed Mar 24 2021,Thu Apr 08 2021,7,2,0,4527.04,23,834956
227,Sun Apr 11 2021,Mon Apr 26 2021,14,0,0,4527.04,23,173247
228,Wed Apr 28 2021,Wed May 05 2021,14,0,0,2152.64,23,314084
229,Wed Dec 09 2020,Fri Dec 25 2020,1,0,1,3646.72,24,857681
230,Wed Dec 30 2020,Fri Jan 01 2021,1,1,0,463.68,24,769415
231,Sun Jan 03 2021,Fri Jan 08 2021,1,1,1,1145.76,24,408621
232,Thu Jan 14 2021,Tue Jan 26 2021,3,0,0,2737.28,24,832073
233,Wed Jan 27 2021,Fri Feb 05 2021,1,0,2,2055.20,24,441870
234,Mon Feb 08 2021,Tue Feb 09 2021,2,1,0,236.32,24,286832
235,Tue Feb 16 2021,Tue Feb 23 2021,4,0,0,1600.48,24,522477
236,Sun Feb 28 2021,Tue Mar 02 2021,4,0,0,463.68,24,744283
237,Wed Mar 03 2021,Sat Mar 13 2021,1,1,1,2282.56,24,621
238,Wed Dec 09 2020,Thu Dec 10 2020,3,1,3,341.60,25,198275
239,Mon Dec 14 2020,Sat Dec 19 2020,9,0,2,1201.76,25,291881
240,Sun Dec 20 2020,Mon Dec 21 2020,12,0,0,341.60,25,426502
241,Fri Dec 25 2020,Wed Dec 30 2020,12,0,0,1201.76,25,433243
242,Sat Jan 02 2021,Sun Jan 03 2021,7,1,3,341.60,25,692069
243,Wed Jan 06 2021,Thu Jan 07 2021,12,0,0,341.60,25,825599
244,Sun Jan 10 2021,Mon Jan 11 2021,7,0,1,341.60,25,140472
245,Sun Jan 17 2021,Mon Jan 18 2021,8,1,1,341.60,25,506052
246,Wed Jan 20 2021,Thu Jan 21 2021,4,0,7,341.60,25,533292
247,Sun Jan 24 2021,Fri Jan 29 2021,11,0,0,1201.76,25,53750
248,Tue Feb 02 2021,Sat Feb 06 2021,9,0,2,986.72,25,689771
249,Tue Feb 09 2021,Sat Feb 13 2021,5,3,2,986.72,25,945168
254,Wed Dec 09 2020,Thu Dec 10 2020,1,2,0,207.20,26,70121
255,Sun Dec 13 2020,Tue Dec 15 2020,2,0,1,293.44,26,736485
256,Thu Dec 17 2020,Sat Dec 19 2020,4,0,0,293.44,26,326497
257,Sun Dec 20 2020,Thu Dec 24 2020,4,0,0,465.92,26,35251
258,Thu Dec 31 2020,Fri Jan 01 2021,1,2,0,207.20,26,984180
259,Wed Jan 06 2021,Fri Jan 08 2021,2,1,0,293.44,26,861976
260,Tue Jan 12 2021,Fri Jan 15 2021,1,1,1,379.68,26,371613
261,Fri Jan 22 2021,Sun Jan 24 2021,2,1,0,293.44,26,344833
262,Sun Jan 31 2021,Thu Feb 04 2021,1,0,1,465.92,26,822318
263,Tue Feb 09 2021,Fri Feb 12 2021,4,0,0,379.68,26,194568
264,Thu Dec 10 2020,Sun Dec 20 2020,4,0,0,1582.56,27,180120
265,Thu Dec 24 2020,Mon Jan 11 2021,1,2,0,2828.00,27,485387
266,Fri Jan 15 2021,Sun Jan 17 2021,4,0,0,337.12,27,106856
267,Sat Jan 23 2021,Tue Jan 26 2021,2,0,1,492.80,27,80745
268,Tue Feb 02 2021,Mon Feb 15 2021,1,1,1,2049.60,27,995638
269,Thu Feb 18 2021,Thu Feb 25 2021,1,2,0,1115.52,27,399837
270,Fri Feb 26 2021,Tue Mar 02 2021,3,0,0,648.48,27,715147
271,Mon Mar 08 2021,Tue Mar 23 2021,4,0,0,2360.96,27,918706
272,Wed Mar 24 2021,Wed Apr 07 2021,2,1,0,2205.28,27,126426
273,Sun Apr 11 2021,Sat Apr 24 2021,4,0,0,2049.60,27,327445
274,Sun Apr 25 2021,Tue May 04 2021,2,0,0,1426.88,27,797925
275,Fri Dec 11 2020,Sat Dec 19 2020,1,10,1,2812.32,28,946796
276,Fri Dec 25 2020,Tue Dec 29 2020,10,0,1,1472.80,28,475019
277,Thu Dec 31 2020,Mon Jan 04 2021,2,4,2,1472.80,28,616916
278,Fri Jan 08 2021,Sat Jan 09 2021,1,10,0,468.16,28,102700
279,Thu Jan 14 2021,Sun Jan 17 2021,12,0,0,1137.92,28,920775
280,Mon Jan 18 2021,Thu Jan 21 2021,10,1,1,1137.92,28,921547
281,Sat Dec 05 2020,Mon Dec 07 2020,1,5,2,225.12,29,19267
282,Tue Dec 08 2020,Wed Dec 09 2020,8,0,0,154.56,29,533501
283,Sat Dec 12 2020,Tue Dec 15 2020,1,5,0,295.68,29,536652
284,Wed Dec 16 2020,Thu Dec 17 2020,5,3,0,154.56,29,343112
285,Thu Dec 24 2020,Sat Dec 26 2020,6,2,0,225.12,29,894229
286,Fri Jan 01 2021,Sun Jan 03 2021,4,2,0,225.12,29,104973
287,Mon Jan 04 2021,Wed Jan 06 2021,2,6,0,225.12,29,686425
288,Sat Jan 09 2021,Tue Jan 12 2021,1,1,2,295.68,29,829164
289,Tue Jan 19 2021,Thu Jan 21 2021,6,0,2,225.12,29,139894
290,Wed Jan 27 2021,Sat Jan 30 2021,7,0,0,295.68,29,729492
291,Sun Jan 31 2021,Wed Feb 03 2021,8,0,0,295.68,29,367369
292,Thu Feb 04 2021,Sun Feb 07 2021,5,0,2,295.68,29,384209
293,Sun Feb 14 2021,Mon Feb 15 2021,8,0,0,154.56,29,610023
294,Sun Feb 21 2021,Mon Feb 22 2021,6,0,2,154.56,29,814922
295,Thu Feb 25 2021,Fri Feb 26 2021,2,2,3,154.56,29,200917
296,Fri Mar 05 2021,Sat Mar 06 2021,6,2,0,154.56,29,735876
297,Thu Mar 11 2021,Fri Mar 12 2021,8,0,0,154.56,29,976542
298,Fri Mar 19 2021,Mon Mar 22 2021,1,1,0,295.68,29,127472
299,Tue Mar 23 2021,Thu Mar 25 2021,6,1,0,225.12,29,839282
301,Fri Dec 11 2020,Sun Dec 27 2020,1,4,3,2569.28,30,274002
302,Wed Dec 30 2020,Mon Jan 04 2021,15,0,0,856.80,30,654664
303,Sat Jan 09 2021,Fri Jan 22 2021,3,4,5,2102.24,30,840485
304,Mon Dec 07 2020,Tue Dec 08 2020,5,2,0,104.16,31,907031
305,Thu Dec 10 2020,Sat Dec 12 2020,4,2,1,191.52,31,940932
306,Wed Dec 16 2020,Sat Dec 19 2020,4,3,0,278.88,31,167390
307,Tue Dec 22 2020,Wed Dec 23 2020,8,0,0,104.16,31,921893
308,Thu Dec 24 2020,Fri Dec 25 2020,6,1,0,104.16,31,973847
309,Sun Dec 27 2020,Tue Dec 29 2020,1,0,4,191.52,31,795483
310,Tue Jan 05 2021,Wed Jan 06 2021,1,3,1,104.16,31,745545
311,Thu Jan 07 2021,Fri Jan 08 2021,7,0,0,104.16,31,862757
312,Sat Jan 09 2021,Mon Jan 11 2021,8,0,0,191.52,31,925317
313,Thu Jan 14 2021,Sat Jan 16 2021,4,2,1,191.52,31,867744
314,Thu Jan 21 2021,Sat Jan 23 2021,5,1,1,191.52,31,19855
315,Thu Jan 28 2021,Fri Jan 29 2021,3,1,1,104.16,31,176801
316,Tue Feb 02 2021,Wed Feb 03 2021,6,1,0,104.16,31,106258
317,Thu Feb 04 2021,Fri Feb 05 2021,3,3,0,104.16,31,137848
318,Wed Dec 09 2020,Wed Dec 16 2020,3,2,0,2021.60,33,533123
319,Sun Dec 20 2020,Wed Dec 23 2020,4,1,0,874.72,33,417421
320,Fri Dec 25 2020,Tue Dec 29 2020,3,1,0,1161.44,33,111465
321,Thu Dec 31 2020,Mon Jan 04 2021,4,1,0,1161.44,33,352145
322,Tue Jan 05 2021,Sat Jan 09 2021,2,2,1,1161.44,33,677722
323,Wed Jan 13 2021,Wed Jan 20 2021,5,0,0,2021.60,33,535539
324,Sun Jan 24 2021,Tue Jan 26 2021,6,0,0,588.00,33,437868
325,Mon Feb 01 2021,Sun Feb 07 2021,5,0,0,1734.88,33,473778
326,Sat Feb 13 2021,Wed Feb 17 2021,2,3,0,1161.44,33,512463
327,Sun Feb 21 2021,Thu Feb 25 2021,4,0,0,1161.44,33,248422
328,Sat Feb 27 2021,Sun Feb 28 2021,3,0,1,301.28,33,496316
329,Mon Mar 01 2021,Sun Mar 07 2021,6,0,0,1734.88,33,327637
330,Mon Mar 08 2021,Sun Mar 14 2021,2,1,1,1734.88,33,764464
331,Fri Mar 19 2021,Thu Mar 25 2021,4,1,0,1734.88,33,33855
332,Thu Apr 01 2021,Fri Apr 02 2021,6,0,0,301.28,33,503318
333,Wed Apr 07 2021,Sun Apr 11 2021,5,0,0,1161.44,33,900874
334,Mon Dec 07 2020,Wed Dec 09 2020,2,2,4,722.40,34,316553
335,Tue Dec 15 2020,Mon Jan 04 2021,4,2,0,6165.60,34,59993
336,Sat Jan 09 2021,Tue Jan 26 2021,7,0,1,5258.40,34,416756
337,Tue Feb 02 2021,Mon Feb 22 2021,5,2,0,6165.60,34,236544
338,Mon Mar 01 2021,Fri Mar 19 2021,8,0,0,5560.80,34,927026
339,Sun Mar 21 2021,Mon Apr 05 2021,6,1,0,4653.60,34,540285
340,Thu Apr 08 2021,Wed Apr 14 2021,9,0,0,1932.00,34,107311
341,Fri Apr 16 2021,Sun Apr 25 2021,9,0,0,2839.20,34,732934
342,Wed Apr 28 2021,Thu May 20 2021,8,0,0,6770.40,34,197702
343,Sat May 22 2021,Tue May 25 2021,9,0,0,1024.80,34,963337
344,Wed May 26 2021,Thu Jun 03 2021,6,2,0,2536.80,34,604239
345,Tue Jun 08 2021,Wed Jun 16 2021,4,3,1,2536.80,34,723954
346,Sun Jun 20 2021,Sat Jun 26 2021,8,0,0,1932.00,34,73425
347,Thu Dec 10 2020,Thu Dec 17 2020,7,0,0,1588.16,35,85520
348,Tue Dec 22 2020,Tue Dec 29 2020,4,1,3,1588.16,35,839144
349,Sat Jan 02 2021,Fri Jan 08 2021,9,0,0,1377.60,35,174163
364,Sat Dec 05 2020,Thu Dec 10 2020,2,2,3,409.92,36,916895
365,Sun Dec 13 2020,Sun Dec 20 2020,4,6,3,542.08,36,264672
366,Fri Dec 25 2020,Mon Jan 04 2021,9,2,2,740.32,36,588397
367,Mon Jan 11 2021,Tue Jan 12 2021,4,4,1,145.60,36,260049
368,Sun Jan 17 2021,Wed Jan 27 2021,9,3,0,740.32,36,160243
369,Fri Jan 29 2021,Thu Feb 04 2021,10,1,0,476.00,36,564569
370,Tue Feb 09 2021,Sun Feb 14 2021,6,6,0,409.92,36,862161
371,Fri Feb 19 2021,Sat Feb 27 2021,9,3,1,608.16,36,836337
372,Sun Feb 28 2021,Sun Mar 07 2021,2,10,1,542.08,36,998272
373,Tue Mar 09 2021,Wed Mar 10 2021,14,0,0,145.60,36,735858
374,Fri Mar 12 2021,Wed Mar 17 2021,11,2,0,409.92,36,952713
375,Sun Mar 21 2021,Sun Mar 28 2021,13,0,0,542.08,36,669257
376,Sat Apr 03 2021,Sun Apr 11 2021,14,0,0,608.16,36,231272
377,Wed Apr 14 2021,Wed Apr 21 2021,7,6,0,542.08,36,568515
378,Thu Apr 22 2021,Sun Apr 25 2021,11,2,0,277.76,36,539331
379,Fri Apr 30 2021,Wed May 05 2021,12,1,0,409.92,36,444875
380,Sun May 09 2021,Wed May 19 2021,5,1,6,740.32,36,508388
381,Fri May 21 2021,Sat May 29 2021,9,2,1,608.16,36,640618
382,Sat Dec 05 2020,Tue Dec 15 2020,3,5,2,2702.56,37,568517
383,Sun Dec 20 2020,Sat Jan 09 2021,5,5,0,5323.36,37,984707
384,Mon Jan 11 2021,Wed Jan 13 2021,5,2,1,605.92,37,927197
385,Wed Jan 20 2021,Wed Jan 27 2021,8,0,1,1916.32,37,641437
386,Sat Jan 30 2021,Fri Feb 05 2021,2,4,4,1654.24,37,65652
387,Sun Feb 07 2021,Sat Mar 06 2021,6,3,0,7157.92,37,787561
388,Fri Mar 12 2021,Sat Mar 27 2021,9,1,0,4012.96,37,725816
389,Thu Apr 01 2021,Mon Apr 12 2021,7,1,2,2964.64,37,1371
390,Fri Apr 16 2021,Mon Apr 26 2021,1,3,6,2702.56,37,470226
391,Thu Dec 10 2020,Sat Dec 26 2020,7,2,3,1172.64,38,863805
392,Fri Jan 01 2021,Sat Jan 16 2021,10,1,0,1106.56,38,529908
393,Fri Jan 22 2021,Wed Jan 27 2021,6,6,1,445.76,38,30123
394,Mon Feb 01 2021,Fri Feb 05 2021,2,2,2,379.68,38,435141
395,Sun Feb 07 2021,Sun Feb 14 2021,9,1,1,577.92,38,869842
396,Wed Feb 17 2021,Thu Mar 04 2021,4,0,2,1106.56,38,596665
397,Tue Mar 09 2021,Thu Mar 11 2021,6,4,0,247.52,38,634371
398,Tue Mar 16 2021,Fri Mar 26 2021,4,1,4,776.16,38,87409
399,Thu Apr 01 2021,Mon Apr 05 2021,2,11,0,379.68,38,315211
402,Tue Dec 08 2020,Sat Dec 19 2020,9,1,3,2309.44,39,899006
403,Tue Dec 22 2020,Wed Dec 30 2020,9,3,1,1708.00,39,198298
404,Sun Jan 03 2021,Sat Jan 09 2021,3,4,5,1307.04,39,927596
405,Fri Jan 15 2021,Tue Jan 26 2021,7,2,0,2309.44,39,636161
406,Fri Jan 29 2021,Sat Jan 30 2021,11,1,1,304.64,39,305373
407,Sat Feb 06 2021,Sun Feb 14 2021,1,5,1,1708.00,39,187149
408,Tue Feb 16 2021,Sat Feb 27 2021,6,4,1,2309.44,39,609512
409,Sun Feb 28 2021,Mon Mar 01 2021,4,7,0,304.64,39,750640
410,Sun Mar 07 2021,Wed Mar 10 2021,6,4,0,705.60,39,875339
411,Thu Mar 11 2021,Tue Mar 16 2021,11,1,1,1106.56,39,308315
412,Fri Mar 19 2021,Mon Mar 22 2021,2,1,2,705.60,39,134060
413,Tue Mar 23 2021,Wed Mar 31 2021,1,8,0,1708.00,39,192023
414,Thu Apr 01 2021,Sat Apr 10 2021,11,1,1,1908.48,39,4558
415,Sat Apr 17 2021,Tue Apr 27 2021,9,2,0,2108.96,39,369679
416,Wed Apr 28 2021,Tue May 04 2021,8,1,2,1307.04,39,535339
417,Sun Dec 06 2020,Tue Dec 08 2020,11,2,0,321.44,40,544112
418,Sat Dec 12 2020,Thu Dec 17 2020,7,3,0,667.52,40,170610
419,Thu Dec 24 2020,Sat Dec 26 2020,14,0,0,321.44,40,554897
420,Tue Dec 29 2020,Sat Jan 09 2021,12,0,0,1359.68,40,772022
421,Sun Jan 10 2021,Mon Jan 18 2021,2,4,6,1013.60,40,55926
422,Tue Jan 19 2021,Sun Jan 31 2021,3,6,3,1475.04,40,965465
423,Sat Feb 06 2021,Mon Feb 15 2021,12,0,0,1128.96,40,483508
424,Fri Dec 11 2020,Sun Dec 13 2020,5,2,2,290.08,41,662853
425,Mon Dec 14 2020,Tue Dec 15 2020,9,0,3,196.00,41,171315
426,Wed Dec 16 2020,Thu Dec 17 2020,9,3,0,196.00,41,790146
427,Mon Dec 21 2020,Tue Dec 22 2020,1,0,9,196.00,41,652692
428,Wed Dec 23 2020,Fri Dec 25 2020,10,1,0,290.08,41,894762
429,Sat Dec 05 2020,Mon Dec 14 2020,4,0,0,2215.36,42,813186
430,Tue Dec 15 2020,Wed Dec 16 2020,4,0,0,351.68,42,123837
431,Tue Dec 22 2020,Fri Dec 25 2020,4,0,0,817.60,42,423272
432,Wed Dec 30 2020,Tue Jan 12 2021,1,0,1,3147.20,42,713520
433,Mon Jan 18 2021,Sat Jan 30 2021,2,0,0,2914.24,42,740065
434,Sun Jan 31 2021,Mon Feb 15 2021,4,0,0,3613.12,42,452324
435,Thu Feb 18 2021,Mon Mar 01 2021,1,1,1,2681.28,42,613280
436,Sat Mar 06 2021,Mon Mar 08 2021,1,1,0,584.64,42,589828
437,Wed Mar 10 2021,Thu Mar 18 2021,1,1,1,1982.40,42,737163
438,Wed Mar 24 2021,Tue Mar 30 2021,2,1,0,1516.48,42,823039
439,Sun Apr 04 2021,Sun Apr 18 2021,1,0,1,3380.16,42,645453
440,Tue Apr 20 2021,Thu Apr 29 2021,2,1,0,2215.36,42,138650
441,Sun May 02 2021,Tue May 11 2021,3,0,0,2215.36,42,733045
442,Thu May 13 2021,Wed May 26 2021,4,0,0,3147.20,42,854324
443,Thu May 27 2021,Sun May 30 2021,4,0,0,817.60,42,59025
444,Mon May 31 2021,Sun Jun 06 2021,1,2,0,1516.48,42,505457
445,Mon Jun 07 2021,Thu Jun 24 2021,1,1,0,4079.04,42,296790
446,Sun Jun 27 2021,Tue Jul 13 2021,4,0,0,3846.08,42,145474
447,Tue Dec 08 2020,Thu Dec 10 2020,8,0,0,767.20,43,528160
448,Mon Dec 14 2020,Sat Jan 09 2021,7,1,0,8589.28,43,152287
449,Thu Jan 14 2021,Sat Jan 30 2021,7,1,0,5330.08,43,926522
463,Fri Dec 11 2020,Sat Dec 12 2020,7,1,2,263.20,44,286306
464,Fri Dec 18 2020,Sun Dec 20 2020,9,1,2,507.36,44,522484
465,Sun Dec 27 2020,Tue Dec 29 2020,12,0,0,507.36,44,893937
466,Thu Dec 31 2020,Fri Jan 01 2021,9,3,0,263.20,44,547787
467,Fri Jan 08 2021,Sun Jan 10 2021,2,9,1,507.36,44,777658
468,Mon Jan 11 2021,Tue Jan 12 2021,13,0,0,263.20,44,664164
469,Wed Jan 13 2021,Fri Jan 15 2021,2,10,0,507.36,44,778453
470,Tue Jan 19 2021,Wed Jan 20 2021,7,3,0,263.20,44,667550
471,Wed Jan 27 2021,Fri Jan 29 2021,9,2,1,507.36,44,698455
472,Thu Feb 04 2021,Sat Feb 06 2021,3,3,6,507.36,44,841345
473,Fri Feb 12 2021,Sat Feb 13 2021,4,0,2,263.20,44,34606
474,Sun Feb 14 2021,Tue Feb 16 2021,6,3,1,507.36,44,457234
475,Fri Feb 19 2021,Sun Feb 21 2021,12,0,0,507.36,44,934814
476,Mon Feb 22 2021,Wed Feb 24 2021,10,0,0,507.36,44,832714
477,Sun Feb 28 2021,Tue Mar 02 2021,13,0,0,507.36,44,56757
478,Sun Mar 07 2021,Mon Mar 08 2021,1,3,8,263.20,44,818766
479,Sat Dec 05 2020,Sun Dec 06 2020,4,0,0,352.80,45,282590
480,Sun Dec 13 2020,Wed Dec 16 2020,1,0,0,888.16,45,368479
481,Thu Dec 17 2020,Fri Dec 25 2020,4,0,0,2226.56,45,893494
482,Sat Dec 26 2020,Thu Jan 07 2021,1,2,0,3297.28,45,603736
483,Fri Jan 08 2021,Fri Jan 15 2021,3,0,0,1958.88,45,253613
484,Wed Jan 20 2021,Tue Jan 26 2021,2,1,0,1691.20,45,421131
485,Sun Jan 31 2021,Thu Feb 18 2021,2,1,0,4903.36,45,765437
486,Tue Feb 23 2021,Tue Mar 09 2021,2,0,1,3832.64,45,775347
487,Sun Mar 14 2021,Fri Mar 26 2021,4,0,0,3297.28,45,393288
488,Wed Mar 31 2021,Fri Apr 16 2021,3,0,0,4368.00,45,901304
489,Sun Apr 18 2021,Thu Apr 29 2021,4,0,0,3029.60,45,795676
490,Wed May 05 2021,Sat May 08 2021,3,0,0,888.16,45,880272
491,Fri May 14 2021,Sat May 15 2021,4,0,0,352.80,45,215783
492,Thu May 20 2021,Tue May 25 2021,1,0,1,1423.52,45,309736
493,Thu May 27 2021,Mon May 31 2021,1,1,1,1155.84,45,693710
494,Sun Dec 06 2020,Mon Dec 07 2020,15,0,0,257.60,46,491070
495,Thu Dec 10 2020,Sat Dec 12 2020,13,0,1,440.16,46,584524
496,Wed Dec 16 2020,Sat Dec 19 2020,8,4,0,622.72,46,458061
497,Mon Dec 21 2020,Wed Dec 23 2020,6,5,0,440.16,46,279984
498,Tue Dec 29 2020,Wed Dec 30 2020,10,0,0,257.60,46,355978
499,Fri Jan 01 2021,Sun Jan 03 2021,14,0,0,440.16,46,516102
511,Fri Dec 11 2020,Thu Jan 07 2021,5,0,0,5916.96,47,29437
512,Tue Dec 08 2020,Tue Dec 15 2020,9,1,1,1872.64,48,640159
513,Thu Dec 17 2020,Tue Jan 05 2021,10,1,0,4910.08,48,900111
514,Sun Jan 10 2021,Sun Jan 24 2021,5,6,0,3644.48,48,938655
515,Wed Jan 27 2021,Thu Feb 04 2021,8,0,3,2125.76,48,839124
516,Sun Feb 07 2021,Tue Feb 23 2021,4,3,4,4150.72,48,980979
517,Sat Feb 27 2021,Wed Mar 03 2021,8,2,1,1113.28,48,354908
518,Tue Mar 09 2021,Wed Mar 24 2021,8,2,1,3897.60,48,893503
519,Fri Mar 26 2021,Thu Apr 01 2021,8,3,0,1619.52,48,340705
520,Mon Apr 05 2021,Sat Apr 24 2021,6,0,2,4910.08,48,886114
521,Mon Apr 26 2021,Thu May 06 2021,10,0,1,2632.00,48,281573
522,Tue May 11 2021,Thu May 20 2021,7,2,0,2378.88,48,202064
523,Sun May 23 2021,Sat Jun 05 2021,11,0,0,3391.36,48,143020
524,Tue Dec 08 2020,Wed Dec 23 2020,1,8,0,3762.08,49,591818
525,Wed Dec 30 2020,Wed Jan 20 2021,10,0,0,5227.04,49,344253
526,Wed Jan 27 2021,Sun Feb 14 2021,9,0,0,4494.56,49,883655
527,Sun Feb 21 2021,Tue Feb 23 2021,8,0,0,588.00,49,321818
528,Wed Feb 24 2021,Sat Mar 06 2021,6,1,1,2541.28,49,599395
529,Wed Mar 10 2021,Mon Mar 22 2021,10,0,0,3029.60,49,790863
530,Sun Mar 28 2021,Fri Apr 02 2021,5,5,0,1320.48,49,256535
531,Thu Apr 08 2021,Sat May 01 2021,3,0,4,5715.36,49,994601
532,Sat May 08 2021,Tue May 18 2021,10,0,0,2541.28,49,361169
533,Thu May 20 2021,Wed Jun 16 2021,5,3,1,6692.00,49,442126
534,Wed Jun 23 2021,Tue Jun 29 2021,5,5,0,1564.64,49,936944
535,Thu Jul 01 2021,Fri Jul 09 2021,8,1,0,2052.96,49,693125
536,Sun Jul 11 2021,Sun Aug 01 2021,3,0,6,5227.04,49,560325
537,Wed Aug 04 2021,Wed Sep 01 2021,6,1,2,6936.16,49,778369
538,Wed Sep 08 2021,Fri Sep 10 2021,9,0,0,588.00,49,336389
539,Sun Sep 12 2021,Fri Oct 08 2021,4,4,2,6447.84,49,267251
540,Sun Oct 10 2021,Sat Oct 30 2021,10,0,0,4982.88,49,644992
541,Mon Dec 07 2020,Mon Dec 14 2020,8,0,0,1709.12,50,108454
542,Sat Dec 19 2020,Sun Dec 20 2020,7,0,1,318.08,50,772212
543,Fri Dec 25 2020,Sat Jan 02 2021,2,3,1,1940.96,50,283099
544,Mon Jan 04 2021,Sun Jan 10 2021,8,0,0,1477.28,50,409678
545,Sat Jan 16 2021,Sun Jan 17 2021,5,2,1,318.08,50,541268
546,Wed Jan 20 2021,Sat Jan 23 2021,5,3,0,781.76,50,489567
547,Fri Jan 29 2021,Thu Feb 04 2021,7,1,0,1477.28,50,104990
548,Mon Dec 07 2020,Sun Dec 20 2020,5,0,0,3353.28,51,56565
549,Mon Dec 21 2020,Sat Jan 02 2021,5,0,0,3104.64,51,637100
552,Tue Dec 08 2020,Fri Jan 01 2021,12,0,0,1799.84,52,659701
553,Tue Jan 05 2021,Tue Jan 26 2021,4,1,7,1578.08,52,177432
554,Wed Jan 27 2021,Thu Feb 11 2021,12,0,0,1134.56,52,823775
555,Sat Feb 13 2021,Sun Feb 14 2021,7,2,3,99.68,52,272539
556,Tue Feb 16 2021,Tue Mar 02 2021,11,1,0,1060.64,52,255874
557,Fri Mar 05 2021,Sat Mar 20 2021,7,3,2,1134.56,52,752004
558,Tue Mar 23 2021,Sat Apr 03 2021,4,0,4,838.88,52,314988
559,Fri Apr 09 2021,Mon Apr 26 2021,4,4,2,1282.40,52,89517
560,Sat May 01 2021,Mon May 03 2021,13,0,0,173.60,52,484768
561,Tue May 04 2021,Thu May 06 2021,11,1,0,173.60,52,57722
562,Sat May 08 2021,Sat May 29 2021,9,1,0,1578.08,52,765826
563,Fri Dec 11 2020,Sun Dec 13 2020,2,8,1,499.52,53,650074
564,Sun Dec 20 2020,Mon Dec 21 2020,14,0,0,312.48,53,309751
565,Wed Dec 23 2020,Tue Dec 29 2020,7,0,3,1247.68,53,790951
566,Sun Jan 03 2021,Thu Jan 07 2021,11,1,1,873.60,53,817918
567,Fri Jan 08 2021,Tue Jan 12 2021,9,4,0,873.60,53,896418
568,Wed Jan 13 2021,Mon Jan 18 2021,12,1,0,1060.64,53,659941
569,Sun Jan 24 2021,Mon Jan 25 2021,12,1,0,312.48,53,392299
570,Fri Jan 29 2021,Sun Jan 31 2021,14,0,0,499.52,53,11127
571,Mon Feb 01 2021,Tue Feb 02 2021,13,0,0,312.48,53,325363
572,Mon Dec 07 2020,Sun Dec 13 2020,2,1,0,1706.88,54,111386
573,Sun Dec 20 2020,Wed Dec 23 2020,3,0,0,913.92,54,824192
574,Fri Dec 25 2020,Mon Dec 28 2020,4,0,0,913.92,54,667128
575,Sun Jan 03 2021,Wed Jan 06 2021,2,0,1,913.92,54,839137
576,Mon Jan 11 2021,Thu Jan 14 2021,4,0,0,913.92,54,555930
577,Tue Jan 19 2021,Wed Jan 20 2021,2,1,0,385.28,54,716681
578,Mon Jan 25 2021,Thu Jan 28 2021,2,1,0,913.92,54,467909
579,Thu Feb 04 2021,Sat Feb 06 2021,4,0,0,649.60,54,792006
580,Sun Feb 07 2021,Tue Feb 09 2021,3,0,0,649.60,54,279845
581,Fri Feb 12 2021,Wed Feb 17 2021,4,0,0,1442.56,54,709260
582,Sat Feb 20 2021,Mon Feb 22 2021,2,1,0,649.60,54,155668
583,Sun Feb 28 2021,Fri Mar 05 2021,4,0,0,1442.56,54,377300
584,Wed Mar 10 2021,Tue Mar 16 2021,3,0,0,1706.88,54,180749
585,Fri Mar 19 2021,Mon Mar 22 2021,3,0,0,913.92,54,21582
586,Sun Mar 28 2021,Fri Apr 02 2021,1,0,1,1442.56,54,744112
587,Fri Apr 09 2021,Wed Apr 14 2021,2,1,0,1442.56,54,840199
588,Sun Apr 18 2021,Wed Apr 21 2021,2,1,0,913.92,54,796421
589,Tue Apr 27 2021,Tue May 04 2021,3,0,0,1971.20,54,882734
590,Thu May 06 2021,Thu May 13 2021,1,2,0,1971.20,54,205589
591,Thu Dec 10 2020,Mon Dec 14 2020,11,0,1,745.92,55,90074
592,Sun Dec 20 2020,Tue Dec 22 2020,13,0,0,423.36,55,464835
593,Fri Dec 25 2020,Sun Jan 03 2021,2,8,1,1552.32,55,30440
594,Tue Jan 05 2021,Fri Jan 08 2021,3,4,0,584.64,55,416830
595,Fri Jan 15 2021,Sat Jan 23 2021,5,5,2,1391.04,55,631205
596,Fri Jan 29 2021,Tue Feb 02 2021,8,2,1,745.92,55,440688
597,Mon Feb 08 2021,Tue Feb 16 2021,5,4,3,1391.04,55,617091
598,Sat Feb 20 2021,Tue Feb 23 2021,3,0,6,584.64,55,248573
599,Mon Mar 01 2021,Tue Mar 02 2021,13,0,0,262.08,55,222442
601,Wed Dec 09 2020,Sun Dec 20 2020,6,3,1,2558.08,56,180462
602,Fri Dec 25 2020,Fri Jan 08 2021,11,0,0,3253.60,56,919571
603,Mon Jan 11 2021,Mon Jan 18 2021,6,1,3,1630.72,56,735010
604,Tue Jan 19 2021,Wed Jan 27 2021,10,0,0,1862.56,56,182686
605,Tue Feb 02 2021,Tue Feb 09 2021,7,1,2,1630.72,56,918101
606,Wed Feb 10 2021,Fri Mar 05 2021,10,0,0,5340.16,56,774398
607,Thu Mar 11 2021,Wed Mar 24 2021,3,5,0,3021.76,56,69525
608,Fri Mar 26 2021,Fri Apr 09 2021,4,5,1,3253.60,56,295170
609,Wed Apr 14 2021,Wed May 05 2021,5,0,0,4876.48,56,404461
610,Sat May 08 2021,Tue May 18 2021,6,1,1,2326.24,56,838259
611,Mon May 24 2021,Mon May 31 2021,7,0,3,1630.72,56,296538
612,Mon Jun 07 2021,Sun Jun 13 2021,9,1,0,1398.88,56,339627
613,Tue Jun 15 2021,Sun Jun 27 2021,4,5,0,2789.92,56,995534
614,Sat Jul 03 2021,Wed Jul 07 2021,5,5,0,935.20,56,574730
615,Sun Jul 11 2021,Thu Jul 22 2021,2,5,2,2558.08,56,997419
616,Tue Jul 27 2021,Fri Jul 30 2021,4,1,3,703.36,56,297686
617,Fri Dec 11 2020,Wed Dec 16 2020,5,1,0,1018.08,57,171290
618,Wed Dec 23 2020,Wed Dec 30 2020,5,1,0,1383.20,57,559032
619,Sat Jan 02 2021,Thu Jan 07 2021,4,1,0,1018.08,57,655138
620,Wed Jan 13 2021,Wed Jan 20 2021,5,0,1,1383.20,57,605682
621,Sun Jan 24 2021,Sat Jan 30 2021,1,5,0,1200.64,57,216023
622,Thu Feb 04 2021,Sun Feb 07 2021,6,0,0,652.96,57,778781
623,Thu Feb 11 2021,Sun Feb 14 2021,5,0,0,652.96,57,757949
624,Wed Feb 17 2021,Thu Feb 18 2021,2,1,2,287.84,57,555952
625,Fri Feb 19 2021,Fri Feb 26 2021,3,1,0,1383.20,57,801142
626,Mon Mar 01 2021,Wed Mar 03 2021,2,0,0,470.40,57,198974
627,Mon Dec 07 2020,Mon Dec 21 2020,8,0,0,4480.00,58,503256
628,Fri Dec 25 2020,Thu Dec 31 2020,6,1,0,1980.16,58,52179
629,Mon Jan 04 2021,Sat Jan 09 2021,6,0,0,1667.68,58,965535
630,Sat Jan 16 2021,Sat Jan 23 2021,2,0,0,2292.64,58,237909
631,Sat Jan 30 2021,Thu Feb 18 2021,1,2,0,6042.40,58,788942
632,Wed Feb 24 2021,Mon Mar 01 2021,7,0,0,1667.68,58,800712
633,Fri Mar 05 2021,Wed Mar 31 2021,8,0,0,8229.76,58,661820
634,Mon Apr 05 2021,Fri Apr 30 2021,5,0,0,7917.28,58,945236
635,Mon May 03 2021,Mon May 10 2021,3,2,0,2292.64,58,351635
636,Sun Dec 06 2020,Wed Dec 09 2020,15,0,0,422.24,59,735888
637,Tue Dec 15 2020,Fri Dec 18 2020,5,5,4,422.24,59,63044
638,Sat Dec 19 2020,Sun Dec 20 2020,3,2,8,148.96,59,106280
639,Fri Dec 25 2020,Mon Dec 28 2020,15,0,0,422.24,59,793895
640,Wed Dec 30 2020,Sun Jan 03 2021,7,4,0,558.88,59,689396
641,Tue Jan 05 2021,Fri Jan 08 2021,3,3,1,422.24,59,633034
642,Thu Jan 14 2021,Sat Jan 16 2021,8,2,4,285.60,59,418426
643,Thu Jan 21 2021,Sat Jan 23 2021,15,0,0,285.60,59,551640
644,Fri Jan 29 2021,Sun Jan 31 2021,2,9,0,285.60,59,199178
645,Tue Feb 02 2021,Sat Feb 06 2021,10,1,2,558.88,59,486309
646,Tue Feb 09 2021,Wed Feb 10 2021,12,1,1,148.96,59,10200
647,Wed Feb 17 2021,Sun Feb 21 2021,10,0,4,558.88,59,791112
648,Fri Feb 26 2021,Mon Mar 01 2021,1,6,7,422.24,59,460672
649,Thu Mar 04 2021,Fri Mar 05 2021,1,13,0,148.96,59,497021
651,Thu Dec 10 2020,Mon Dec 21 2020,1,0,2,3769.92,60,844757
652,Thu Dec 24 2020,Tue Jan 05 2021,3,1,0,4104.80,60,534750
653,Fri Jan 08 2021,Sat Jan 23 2021,3,2,0,5109.44,60,946474
654,Sun Jan 24 2021,Sun Feb 07 2021,6,0,0,4774.56,60,608513
655,Sat Feb 13 2021,Wed Mar 03 2021,6,0,0,6114.08,60,928725
656,Thu Mar 04 2021,Tue Mar 09 2021,4,0,1,1760.64,60,163730
657,Wed Dec 09 2020,Fri Dec 11 2020,9,1,0,739.20,61,615171
658,Fri Dec 18 2020,Tue Dec 22 2020,4,2,1,1395.52,61,820721
659,Sun Dec 27 2020,Fri Jan 08 2021,3,3,0,4020.80,61,886767
660,Thu Jan 14 2021,Wed Jan 20 2021,9,1,0,2051.84,61,592147
661,Tue Jan 26 2021,Wed Jan 27 2021,5,2,1,411.04,61,466580
662,Sat Jan 30 2021,Fri Feb 12 2021,9,1,0,4348.96,61,732711
663,Mon Feb 15 2021,Tue Feb 16 2021,4,1,0,411.04,61,608844
664,Sat Feb 20 2021,Thu Feb 25 2021,3,1,0,1723.68,61,308835
665,Sat Feb 27 2021,Thu Mar 11 2021,9,0,1,4020.80,61,565586
666,Tue Mar 16 2021,Wed Mar 24 2021,7,1,1,2708.16,61,923178
667,Fri Mar 26 2021,Tue Mar 30 2021,4,6,0,1395.52,61,495272
668,Sun Apr 04 2021,Tue Apr 06 2021,10,0,0,739.20,61,553226
669,Wed Apr 07 2021,Sun Apr 11 2021,1,9,0,1395.52,61,579383
670,Sun Apr 18 2021,Fri Apr 23 2021,2,5,3,1723.68,61,432827
671,Tue Apr 27 2021,Sun May 02 2021,5,2,0,1723.68,61,181439
672,Tue Dec 08 2020,Wed Jan 06 2021,2,3,1,8249.92,62,489127
673,Sat Jan 09 2021,Tue Jan 12 2021,8,0,0,940.80,62,25301
674,Tue Jan 19 2021,Sat Jan 23 2021,2,4,0,1221.92,62,644990
675,Wed Jan 27 2021,Sat Feb 06 2021,2,2,0,2908.64,62,308670
676,Sat Feb 13 2021,Mon Feb 15 2021,8,0,0,659.68,62,947947
677,Sun Feb 21 2021,Fri Feb 26 2021,6,2,0,1503.04,62,472639
678,Wed Mar 03 2021,Mon Mar 22 2021,9,0,0,5438.72,62,752100
679,Wed Mar 24 2021,Thu Apr 08 2021,4,3,0,4314.24,62,303156
680,Sun Apr 11 2021,Wed Apr 28 2021,9,0,0,4876.48,62,610558
681,Tue May 04 2021,Wed May 12 2021,5,0,2,2346.40,62,537931
682,Tue May 18 2021,Mon Jun 14 2021,9,0,0,7687.68,62,979038
683,Wed Jun 16 2021,Fri Jun 25 2021,6,1,0,2627.52,62,629719
684,Fri Jul 02 2021,Tue Jul 13 2021,8,0,0,3189.76,62,439217
685,Sun Jul 18 2021,Tue Jul 20 2021,9,0,0,659.68,62,45213
686,Sat Jul 24 2021,Tue Aug 03 2021,1,0,5,2908.64,62,24479
687,Wed Dec 09 2020,Thu Dec 10 2020,3,0,1,171.36,63,76295
688,Thu Dec 17 2020,Tue Jan 05 2021,5,0,0,1179.36,63,250499
689,Sun Jan 10 2021,Fri Jan 29 2021,1,1,0,1179.36,63,512026
690,Wed Feb 03 2021,Fri Feb 12 2021,4,0,0,619.36,63,545018
691,Fri Feb 19 2021,Sun Feb 28 2021,4,0,0,619.36,63,602052
692,Tue Mar 02 2021,Thu Mar 18 2021,5,0,0,1011.36,63,651693
693,Wed Mar 24 2021,Sat Mar 27 2021,4,0,0,283.36,63,283139
694,Wed Mar 31 2021,Tue Apr 06 2021,4,0,0,451.36,63,895672
695,Sun Apr 11 2021,Tue Apr 13 2021,4,0,0,227.36,63,810783
696,Fri Dec 11 2020,Sun Dec 13 2020,7,0,0,234.08,64,209535
697,Sat Dec 19 2020,Wed Dec 23 2020,6,1,0,352.80,64,28626
698,Sun Dec 27 2020,Mon Dec 28 2020,5,0,1,174.72,64,516508
699,Tue Dec 29 2020,Wed Dec 30 2020,7,0,0,174.72,64,595254
702,Mon Dec 07 2020,Fri Dec 11 2020,9,0,0,477.12,65,57275
703,Thu Dec 17 2020,Sun Dec 27 2020,6,1,0,1055.04,65,529901
704,Thu Dec 31 2020,Fri Jan 01 2021,2,0,5,188.16,65,885567
705,Thu Jan 07 2021,Fri Jan 08 2021,2,3,1,188.16,65,903814
706,Tue Jan 12 2021,Tue Jan 19 2021,9,0,0,766.08,65,932635
707,Wed Jan 20 2021,Mon Jan 25 2021,3,3,1,573.44,65,886958
708,Wed Jan 27 2021,Sat Feb 06 2021,2,6,0,1055.04,65,840595
709,Tue Feb 09 2021,Sat Feb 13 2021,7,1,0,477.12,65,229269
710,Mon Feb 15 2021,Wed Feb 24 2021,1,7,0,958.72,65,86884
711,Sun Feb 28 2021,Fri Mar 05 2021,3,0,3,573.44,65,721056
712,Fri Mar 12 2021,Thu Mar 18 2021,1,0,6,669.76,65,550618
713,Sun Mar 21 2021,Sun Mar 28 2021,2,5,0,766.08,65,457646
714,Sat Apr 03 2021,Sun Apr 11 2021,1,4,1,862.40,65,823913
715,Thu Apr 15 2021,Sun Apr 25 2021,3,0,5,1055.04,65,942644
716,Sun May 02 2021,Fri May 07 2021,4,1,2,573.44,65,379467
717,Fri May 14 2021,Mon May 24 2021,3,3,2,1055.04,65,762499
718,Wed May 26 2021,Sat Jun 05 2021,9,0,0,1055.04,65,5833
719,Wed Dec 09 2020,Wed Dec 16 2020,5,5,3,1019.20,66,41896
720,Tue Dec 22 2020,Sat Dec 26 2020,8,4,0,592.48,66,772919
721,Fri Jan 01 2021,Thu Jan 07 2021,13,0,0,876.96,66,232191
722,Tue Jan 12 2021,Sun Jan 17 2021,3,2,5,734.72,66,341035
723,Fri Jan 22 2021,Wed Jan 27 2021,9,4,0,734.72,66,876980
724,Tue Feb 02 2021,Wed Feb 03 2021,13,0,0,165.76,66,89659
725,Tue Feb 09 2021,Thu Feb 11 2021,2,3,4,308.00,66,939217
726,Wed Feb 17 2021,Tue Feb 23 2021,12,1,0,876.96,66,369969
727,Wed Feb 24 2021,Sat Feb 27 2021,6,6,0,450.24,66,113094
728,Sun Feb 28 2021,Mon Mar 01 2021,4,2,2,165.76,66,150122
729,Wed Mar 03 2021,Wed Mar 10 2021,9,4,0,1019.20,66,239844
730,Sat Mar 13 2021,Tue Mar 16 2021,13,0,0,450.24,66,437161
731,Fri Mar 19 2021,Tue Mar 23 2021,10,1,2,592.48,66,198601
732,Sat Mar 27 2021,Wed Mar 31 2021,12,1,0,592.48,66,200287
733,Wed Apr 07 2021,Thu Apr 08 2021,13,0,0,165.76,66,263914
734,Sat Apr 10 2021,Sun Apr 18 2021,14,0,0,1161.44,66,540374
735,Mon Apr 19 2021,Tue Apr 20 2021,7,4,1,165.76,66,32998
736,Thu Apr 22 2021,Fri Apr 23 2021,7,1,5,165.76,66,803926
737,Wed Apr 28 2021,Fri Apr 30 2021,12,0,0,308.00,66,783408
738,Mon May 03 2021,Fri May 07 2021,13,0,0,592.48,66,864151
739,Sat Dec 05 2020,Sun Dec 06 2020,2,1,9,96.32,67,70648
740,Mon Dec 07 2020,Fri Dec 18 2020,1,2,2,857.92,67,109134
741,Tue Dec 22 2020,Fri Dec 25 2020,13,1,0,248.64,67,379772
742,Fri Jan 01 2021,Mon Jan 11 2021,7,3,3,781.76,67,675799
743,Sat Jan 16 2021,Sat Jan 23 2021,15,0,0,553.28,67,881477
744,Fri Jan 29 2021,Tue Feb 09 2021,13,1,0,857.92,67,824260
745,Sun Feb 14 2021,Tue Feb 16 2021,10,2,1,172.48,67,961242
746,Mon Dec 07 2020,Thu Dec 10 2020,5,0,0,580.16,68,495158
747,Fri Dec 11 2020,Sun Dec 13 2020,1,1,1,390.88,68,939479
748,Wed Dec 16 2020,Sun Dec 20 2020,5,0,0,769.44,68,994897
749,Thu Dec 24 2020,Sun Dec 27 2020,1,0,3,580.16,68,795348
758,Fri Dec 11 2020,Sat Dec 12 2020,3,6,3,333.76,70,947244
759,Sun Dec 13 2020,Tue Dec 15 2020,5,2,4,580.16,70,511570
760,Sat Dec 19 2020,Thu Jan 07 2021,4,0,1,4768.96,70,238380
761,Sun Jan 10 2021,Sat Jan 23 2021,3,6,4,3290.56,70,983742
762,Tue Jan 26 2021,Mon Feb 08 2021,7,4,2,3290.56,70,126570
763,Tue Feb 09 2021,Sat Feb 13 2021,6,7,0,1072.96,70,892853
764,Wed Feb 17 2021,Sun Feb 21 2021,8,4,1,1072.96,70,343567
765,Sat Feb 27 2021,Mon Mar 22 2021,8,3,0,5754.56,70,598621
766,Mon Mar 29 2021,Thu Apr 01 2021,2,4,1,826.56,70,279760
767,Sun Apr 04 2021,Sat Apr 10 2021,9,4,0,1565.76,70,66212
768,Wed Apr 14 2021,Wed Apr 21 2021,1,3,3,1812.16,70,197742
769,Tue Apr 27 2021,Wed May 19 2021,3,3,4,5508.16,70,414632
770,Wed May 26 2021,Tue Jun 22 2021,1,6,4,6740.16,70,200355
771,Sat Jun 26 2021,Tue Jul 20 2021,1,8,1,6000.96,70,715906
772,Fri Dec 11 2020,Sat Dec 19 2020,2,3,4,815.36,71,419501
773,Mon Dec 21 2020,Wed Dec 30 2020,5,0,3,909.44,71,247100
774,Sun Jan 03 2021,Wed Jan 06 2021,3,6,0,344.96,71,196380
775,Tue Jan 12 2021,Tue Jan 19 2021,9,0,0,721.28,71,265172
776,Wed Jan 20 2021,Tue Jan 26 2021,5,0,0,627.20,71,259611
777,Sun Jan 31 2021,Sat Feb 06 2021,2,2,0,627.20,71,343120
778,Sat Feb 13 2021,Tue Feb 23 2021,1,6,0,1003.52,71,625092
779,Thu Dec 10 2020,Sat Dec 26 2020,1,2,2,1393.28,72,282296
780,Wed Dec 30 2020,Wed Jan 20 2021,1,0,1,1824.48,72,354522
781,Sat Jan 23 2021,Tue Jan 26 2021,3,2,0,272.16,72,639942
782,Sat Jan 30 2021,Mon Feb 15 2021,1,0,0,1393.28,72,314495
783,Sat Feb 20 2021,Sun Mar 14 2021,1,2,0,1910.72,72,138553
784,Sat Mar 20 2021,Tue Apr 13 2021,4,1,0,2083.20,72,109217
785,Wed Apr 14 2021,Sat May 01 2021,3,0,2,1479.52,72,833097
786,Thu May 06 2021,Fri May 21 2021,1,2,0,1307.04,72,55554
787,Wed May 26 2021,Sat May 29 2021,6,0,0,272.16,72,531458
788,Mon May 31 2021,Sat Jun 26 2021,6,0,0,2255.68,72,846678
789,Wed Jun 30 2021,Sun Jul 25 2021,3,2,0,2169.44,72,577944
790,Tue Jul 27 2021,Wed Aug 18 2021,4,0,1,1910.72,72,756042
791,Sun Aug 22 2021,Sat Sep 04 2021,1,4,0,1134.56,72,704143
792,Tue Sep 07 2021,Mon Oct 04 2021,1,1,1,2341.92,72,556841
793,Sun Oct 10 2021,Wed Nov 03 2021,1,2,2,2083.20,72,770065
794,Wed Nov 10 2021,Tue Nov 16 2021,2,0,1,530.88,72,175218
795,Thu Nov 18 2021,Sun Nov 28 2021,5,0,0,875.84,72,95642
796,Wed Dec 01 2021,Sun Dec 05 2021,2,1,1,358.40,72,525067
797,Wed Dec 09 2020,Wed Dec 16 2020,2,2,0,1176.00,73,190901
798,Tue Dec 22 2020,Thu Dec 24 2020,1,0,1,414.40,73,63025
799,Mon Dec 28 2020,Mon Jan 04 2021,4,0,0,1176.00,73,323382
814,Sun Dec 06 2020,Tue Dec 22 2020,10,1,2,3951.36,74,791235
815,Fri Dec 25 2020,Tue Dec 29 2020,5,2,6,1048.32,74,338720
816,Wed Dec 30 2020,Thu Dec 31 2020,1,5,1,322.56,74,46592
817,Wed Jan 06 2021,Wed Jan 20 2021,1,4,8,3467.52,74,866456
818,Mon Dec 07 2020,Sun Dec 13 2020,6,4,2,1204.00,75,438620
819,Sun Dec 20 2020,Wed Dec 23 2020,12,0,2,663.04,75,157474
820,Thu Dec 24 2020,Thu Jan 07 2021,3,1,0,2646.56,75,938374
821,Tue Dec 08 2020,Sun Dec 13 2020,3,0,0,1285.76,76,860255
822,Mon Dec 14 2020,Sun Dec 20 2020,4,0,0,1523.20,76,738049
823,Thu Dec 24 2020,Thu Dec 31 2020,1,1,1,1760.64,76,562702
824,Mon Jan 04 2021,Mon Jan 11 2021,2,1,0,1760.64,76,750516
825,Fri Jan 15 2021,Sat Jan 16 2021,3,0,0,336.00,76,684624
826,Thu Jan 21 2021,Sun Jan 24 2021,4,0,0,810.88,76,743289
827,Mon Jan 25 2021,Wed Jan 27 2021,3,0,0,573.44,76,217454
828,Tue Feb 02 2021,Tue Feb 09 2021,1,2,0,1760.64,76,444722
829,Fri Feb 12 2021,Fri Feb 19 2021,1,0,2,1760.64,76,720591
830,Tue Feb 23 2021,Tue Mar 02 2021,1,1,0,1760.64,76,331096
831,Tue Mar 09 2021,Fri Mar 12 2021,2,0,1,810.88,76,220278
832,Tue Mar 16 2021,Sun Mar 21 2021,1,2,0,1285.76,76,393589
833,Thu Dec 10 2020,Sat Dec 19 2020,13,0,0,1234.24,77,576205
834,Tue Dec 22 2020,Thu Dec 31 2020,3,10,0,1234.24,77,401089
835,Sun Jan 03 2021,Tue Jan 05 2021,13,0,0,332.64,77,741803
836,Sun Jan 10 2021,Wed Jan 13 2021,3,9,0,461.44,77,941406
837,Tue Jan 19 2021,Thu Jan 28 2021,1,6,6,1234.24,77,724277
838,Thu Feb 04 2021,Mon Feb 08 2021,3,4,5,590.24,77,205466
839,Tue Dec 08 2020,Wed Dec 09 2020,11,1,0,265.44,78,163982
840,Mon Dec 14 2020,Fri Dec 25 2020,3,0,4,2830.24,78,187026
841,Wed Dec 30 2020,Tue Jan 19 2021,2,6,0,5138.56,78,388841
842,Sun Jan 24 2021,Sat Jan 30 2021,13,0,0,1547.84,78,114563
843,Thu Feb 04 2021,Fri Feb 26 2021,8,0,3,5651.52,78,394891
844,Sun Feb 28 2021,Thu Mar 25 2021,8,4,0,6420.96,78,40626
845,Thu Dec 10 2020,Sat Dec 12 2020,4,0,0,609.28,79,867232
846,Mon Dec 14 2020,Sat Dec 19 2020,4,0,0,1496.32,79,799646
847,Thu Dec 24 2020,Fri Dec 25 2020,1,3,0,313.60,79,183624
848,Sun Dec 27 2020,Thu Dec 31 2020,3,1,0,1200.64,79,904113
849,Sun Jan 03 2021,Sat Jan 09 2021,3,1,0,1792.00,79,970158
860,Wed Dec 09 2020,Sat Dec 12 2020,13,0,0,337.12,80,859835
861,Mon Dec 14 2020,Mon Jan 04 2021,2,12,0,1889.44,80,684434
862,Sun Jan 10 2021,Wed Jan 20 2021,4,8,2,940.80,80,837364
863,Sat Jan 23 2021,Mon Feb 08 2021,13,1,0,1458.24,80,841638
864,Fri Feb 12 2021,Tue Feb 23 2021,4,3,1,1027.04,80,729520
865,Sat Feb 27 2021,Mon Mar 01 2021,5,3,4,250.88,80,918754
866,Wed Dec 09 2020,Wed Dec 16 2020,2,3,1,674.24,81,63048
867,Sun Dec 20 2020,Sun Jan 10 2021,4,0,0,1771.84,81,822930
868,Fri Jan 15 2021,Wed Jan 20 2021,3,2,1,517.44,81,76527
869,Thu Jan 21 2021,Thu Feb 11 2021,5,1,0,1771.84,81,321235
870,Tue Feb 16 2021,Fri Feb 19 2021,4,0,0,360.64,81,440628
871,Thu Dec 10 2020,Sat Dec 19 2020,2,1,0,2504.32,82,649488
872,Tue Dec 22 2020,Wed Dec 23 2020,5,0,0,336.00,82,751840
873,Wed Dec 30 2020,Fri Jan 01 2021,1,0,2,607.04,82,189106
874,Sat Jan 02 2021,Sun Jan 03 2021,4,0,0,336.00,82,828987
875,Fri Jan 08 2021,Wed Jan 13 2021,5,0,0,1420.16,82,608422
876,Thu Jan 14 2021,Sun Jan 24 2021,2,2,0,2775.36,82,315637
877,Sat Jan 30 2021,Mon Feb 01 2021,4,0,0,607.04,82,310158
878,Sun Feb 07 2021,Mon Feb 15 2021,3,0,1,2233.28,82,361559
879,Mon Feb 22 2021,Thu Feb 25 2021,2,1,0,878.08,82,697647
880,Wed Mar 03 2021,Tue Mar 09 2021,2,0,2,1691.20,82,629721
881,Thu Mar 11 2021,Fri Mar 12 2021,5,0,0,336.00,82,807047
882,Sun Mar 14 2021,Wed Mar 17 2021,2,1,1,878.08,82,786979
883,Sun Mar 21 2021,Mon Mar 22 2021,4,0,0,336.00,82,425184
884,Sun Mar 28 2021,Tue Apr 06 2021,2,0,0,2504.32,82,252851
885,Mon Apr 12 2021,Tue Apr 13 2021,2,0,0,336.00,82,854068
886,Wed Apr 14 2021,Tue Apr 20 2021,1,0,3,1691.20,82,693863
887,Thu Apr 22 2021,Sun May 02 2021,2,2,0,2775.36,82,742965
888,Sun Dec 06 2020,Sat Dec 19 2020,6,2,0,3902.08,84,297003
889,Sun Dec 20 2020,Wed Jan 13 2021,4,4,0,7191.52,84,325708
890,Wed Jan 20 2021,Sat Feb 06 2021,4,3,1,5098.24,84,713782
891,Sun Feb 07 2021,Wed Feb 17 2021,6,2,0,3004.96,84,640031
892,Fri Dec 11 2020,Sun Dec 13 2020,2,1,0,553.28,85,164311
893,Thu Dec 17 2020,Sun Dec 20 2020,4,0,0,777.28,85,648965
894,Sun Dec 27 2020,Thu Dec 31 2020,3,0,0,1001.28,85,422118
895,Thu Jan 07 2021,Tue Jan 12 2021,3,0,0,1225.28,85,801327
896,Thu Jan 14 2021,Sat Jan 16 2021,2,1,0,553.28,85,525906
897,Sat Jan 23 2021,Wed Jan 27 2021,4,0,0,1001.28,85,78880
898,Thu Jan 28 2021,Sat Jan 30 2021,2,1,0,553.28,85,210526
899,Mon Feb 01 2021,Fri Feb 05 2021,4,0,0,1001.28,85,45972
911,Fri Dec 11 2020,Sun Dec 27 2020,1,2,0,2741.76,86,296717
912,Tue Dec 29 2020,Sun Jan 03 2021,1,1,0,869.12,86,529111
913,Wed Jan 06 2021,Wed Jan 20 2021,3,0,0,2401.28,86,644146
914,Sat Jan 23 2021,Sun Jan 31 2021,4,0,0,1379.84,86,682750
915,Mon Feb 01 2021,Tue Feb 16 2021,4,0,0,2571.52,86,385695
916,Mon Feb 22 2021,Thu Feb 25 2021,2,0,1,528.64,86,930189
917,Sun Feb 28 2021,Sat Mar 06 2021,4,0,0,1039.36,86,931775
918,Fri Mar 12 2021,Fri Mar 19 2021,4,0,0,1209.60,86,267398
919,Sat Mar 20 2021,Fri Mar 26 2021,2,1,0,1039.36,86,867427
920,Mon Dec 07 2020,Tue Dec 08 2020,7,0,0,94.08,87,563571
921,Sun Dec 13 2020,Mon Dec 14 2020,3,5,1,94.08,87,26113
922,Wed Dec 09 2020,Thu Jan 07 2021,7,0,0,1803.20,88,797927
923,Thu Jan 14 2021,Tue Feb 09 2021,3,0,2,1628.48,88,123220
924,Sun Feb 14 2021,Mon Feb 15 2021,5,1,0,172.48,88,678646
925,Thu Feb 18 2021,Fri Feb 19 2021,4,0,1,172.48,88,289024
926,Sun Feb 21 2021,Tue Mar 23 2021,2,2,0,1861.44,88,985303
927,Sat Mar 27 2021,Fri Apr 02 2021,3,2,0,463.68,88,753829
928,Mon Apr 05 2021,Sun Apr 25 2021,7,0,0,1279.04,88,953530
929,Fri Apr 30 2021,Sat May 08 2021,5,0,1,580.16,88,283061
930,Tue May 11 2021,Fri May 28 2021,7,0,0,1104.32,88,29139
931,Tue Jun 01 2021,Mon Jun 28 2021,6,0,0,1686.72,88,863971
932,Sun Jul 04 2021,Fri Jul 23 2021,5,1,0,1220.80,88,78510
933,Sat Jul 24 2021,Thu Aug 12 2021,1,4,1,1220.80,88,141953
934,Tue Aug 17 2021,Wed Sep 15 2021,3,0,0,1803.20,88,46072
935,Mon Sep 20 2021,Wed Sep 22 2021,5,1,0,230.72,88,192931
936,Wed Dec 09 2020,Tue Dec 22 2020,3,1,0,1995.84,89,24847
937,Tue Dec 29 2020,Wed Dec 30 2020,4,0,0,235.20,89,395387
938,Mon Jan 04 2021,Wed Jan 13 2021,2,1,0,1408.96,89,292127
939,Tue Jan 19 2021,Thu Jan 21 2021,3,0,1,381.92,89,669658
940,Fri Jan 22 2021,Thu Feb 11 2021,3,1,0,3022.88,89,806481
941,Thu Feb 18 2021,Fri Mar 05 2021,3,1,0,2289.28,89,391967
942,Fri Mar 12 2021,Wed Mar 24 2021,1,2,1,1849.12,89,27926
943,Fri Mar 26 2021,Tue Apr 13 2021,3,1,0,2729.44,89,223241
944,Mon Apr 19 2021,Tue May 11 2021,5,0,0,3316.32,89,468236
945,Sun May 16 2021,Wed May 19 2021,2,2,0,528.64,89,233306
946,Tue May 25 2021,Tue Jun 01 2021,1,1,1,1115.52,89,628377
947,Fri Jun 04 2021,Thu Jun 17 2021,4,0,0,1995.84,89,907457
948,Sat Jun 19 2021,Sat Jul 03 2021,3,1,0,2142.56,89,244417
949,Fri Jul 09 2021,Mon Aug 02 2021,1,0,1,3609.76,89,934785
956,Mon Dec 07 2020,Sat Dec 19 2020,3,2,0,1984.64,90,669934
957,Tue Dec 22 2020,Mon Dec 28 2020,2,4,0,1003.52,90,398624
958,Sat Jan 02 2021,Mon Jan 11 2021,3,0,2,1494.08,90,114521
959,Sun Jan 17 2021,Sat Jan 30 2021,4,0,2,2148.16,90,993879
960,Fri Feb 05 2021,Thu Feb 18 2021,6,0,0,2148.16,90,586599
961,Sun Feb 21 2021,Tue Mar 02 2021,6,0,0,1494.08,90,509192
962,Fri Mar 05 2021,Wed Mar 17 2021,2,3,0,1984.64,90,161048
963,Mon Dec 07 2020,Tue Dec 08 2020,8,0,0,278.88,91,172380
964,Wed Dec 09 2020,Thu Dec 10 2020,7,1,0,278.88,91,942561
965,Wed Dec 16 2020,Fri Dec 18 2020,9,0,0,436.80,91,411953
966,Wed Dec 23 2020,Fri Dec 25 2020,1,4,3,436.80,91,778837
967,Fri Jan 01 2021,Sat Jan 02 2021,4,0,4,278.88,91,251331
968,Fri Dec 11 2020,Sun Dec 13 2020,11,1,0,249.76,92,474378
969,Sun Dec 20 2020,Mon Dec 21 2020,8,0,3,159.04,92,805062
970,Sun Dec 27 2020,Mon Dec 28 2020,10,3,0,159.04,92,788902
971,Tue Dec 29 2020,Thu Dec 31 2020,10,2,1,249.76,92,659583
972,Fri Jan 01 2021,Mon Jan 04 2021,14,0,0,340.48,92,442477
973,Mon Jan 11 2021,Wed Jan 13 2021,3,2,1,249.76,92,658218
974,Sat Jan 16 2021,Mon Jan 18 2021,6,6,0,249.76,92,259504
975,Wed Jan 20 2021,Fri Jan 22 2021,7,1,3,249.76,92,578984
976,Sat Jan 23 2021,Sun Jan 24 2021,5,5,2,159.04,92,959875
977,Fri Jan 29 2021,Sat Jan 30 2021,9,2,1,159.04,92,146070
978,Sun Jan 31 2021,Wed Feb 03 2021,7,0,1,340.48,92,766726
979,Wed Feb 10 2021,Thu Feb 11 2021,2,5,1,159.04,92,3071
980,Wed Dec 09 2020,Wed Dec 16 2020,4,6,0,2035.04,93,142763
981,Tue Dec 22 2020,Thu Jan 07 2021,14,0,0,4514.72,93,588942
982,Fri Jan 08 2021,Sat Jan 23 2021,4,4,2,4239.20,93,934340
983,Tue Jan 26 2021,Thu Jan 28 2021,7,4,2,657.44,93,376556
984,Wed Feb 03 2021,Sat Feb 13 2021,10,4,0,2861.60,93,456450
985,Sun Feb 14 2021,Mon Feb 22 2021,12,1,1,2310.56,93,62291
986,Mon Mar 01 2021,Sun Mar 07 2021,9,1,0,1759.52,93,295493
987,Sat Mar 13 2021,Wed Mar 24 2021,15,0,0,3137.12,93,603301
988,Sun Mar 28 2021,Wed Apr 07 2021,2,7,2,2861.60,93,298500
989,Wed Apr 14 2021,Tue Apr 27 2021,14,0,0,3688.16,93,800312
990,Fri Apr 30 2021,Mon May 03 2021,10,2,0,932.96,93,26784
991,Sun May 09 2021,Fri May 14 2021,4,9,0,1484.00,93,697970
992,Wed May 19 2021,Sun Jun 06 2021,5,9,0,5065.76,93,447224
993,Sun Jun 13 2021,Tue Jun 15 2021,9,5,0,657.44,93,376373
994,Mon Jun 21 2021,Sun Jul 04 2021,10,2,1,3688.16,93,71710
995,Thu Jul 08 2021,Fri Jul 16 2021,7,3,3,2310.56,93,293922
996,Tue Jul 20 2021,Sat Jul 31 2021,1,10,2,3137.12,93,446586
997,Sat Dec 05 2020,Sun Dec 20 2020,3,0,0,1161.44,94,747885
998,Sat Dec 26 2020,Mon Dec 28 2020,2,0,0,258.72,94,981908
999,Thu Dec 31 2020,Tue Jan 05 2021,2,0,1,467.04,94,316220
1015,Sun Dec 06 2020,Mon Dec 28 2020,12,1,0,7259.84,95,106876
1016,Fri Jan 01 2021,Sat Jan 16 2021,10,2,1,4978.40,95,566995
1017,Sat Jan 23 2021,Sat Feb 20 2021,9,5,0,9215.36,95,321779
1018,Mon Dec 07 2020,Wed Dec 23 2020,2,6,0,1044.96,96,242912
1019,Thu Dec 24 2020,Mon Jan 04 2021,9,0,0,759.36,96,145748
1020,Tue Jan 05 2021,Sat Jan 16 2021,9,0,0,759.36,96,225965
1021,Sun Jan 17 2021,Fri Jan 29 2021,3,2,1,816.48,96,995989
1022,Wed Feb 03 2021,Tue Feb 23 2021,9,0,0,1273.44,96,677495
1023,Wed Feb 24 2021,Tue Mar 02 2021,9,0,0,473.76,96,263831
1024,Thu Mar 04 2021,Fri Mar 12 2021,3,3,2,588.00,96,536835
1025,Thu Mar 18 2021,Fri Apr 02 2021,8,0,0,987.84,96,161192
1026,Sat Apr 03 2021,Sat Apr 24 2021,2,5,1,1330.56,96,655329
1027,Sat May 01 2021,Fri May 14 2021,2,5,0,873.60,96,58329
1028,Thu May 20 2021,Wed May 26 2021,3,4,1,473.76,96,5476
1029,Thu May 27 2021,Sat May 29 2021,1,4,2,245.28,96,64133
1030,Tue Jun 01 2021,Tue Jun 15 2021,6,0,0,930.72,96,43231
1031,Tue Jun 22 2021,Fri Jul 02 2021,9,0,0,702.24,96,79420
1032,Tue Jul 06 2021,Sun Jul 18 2021,7,1,0,816.48,96,439791
1033,Sat Jul 24 2021,Wed Jul 28 2021,5,2,1,359.52,96,352960
1034,Sun Dec 06 2020,Mon Dec 14 2020,1,1,1,1645.28,97,866552
1035,Sat Dec 19 2020,Mon Dec 21 2020,4,0,0,489.44,97,408576
1036,Sun Dec 27 2020,Mon Dec 28 2020,2,0,2,296.80,97,382983
1037,Sun Jan 03 2021,Tue Jan 05 2021,3,1,0,489.44,97,307444
1038,Wed Jan 06 2021,Wed Jan 13 2021,2,1,1,1452.64,97,907003
1039,Thu Jan 14 2021,Fri Jan 15 2021,5,0,0,296.80,97,659371
1040,Wed Jan 20 2021,Mon Jan 25 2021,1,3,0,1067.36,97,199022
1041,Mon Feb 01 2021,Tue Feb 02 2021,1,1,0,296.80,97,281339
1042,Thu Feb 04 2021,Fri Feb 05 2021,2,2,0,296.80,97,774512
1043,Sun Feb 07 2021,Mon Feb 15 2021,1,3,0,1645.28,97,551910
1044,Tue Feb 16 2021,Thu Feb 18 2021,5,0,0,489.44,97,215433
1045,Tue Feb 23 2021,Thu Mar 04 2021,3,1,0,1837.92,97,642911
1046,Fri Mar 05 2021,Mon Mar 08 2021,1,2,0,682.08,97,48857
1047,Wed Mar 10 2021,Sat Mar 13 2021,3,1,0,682.08,97,202392
1048,Wed Dec 09 2020,Thu Dec 10 2020,15,0,0,284.48,98,688221
1049,Wed Dec 16 2020,Sat Jan 02 2021,6,2,4,3743.04,98,888278
1058,Fri Dec 11 2020,Fri Dec 18 2020,1,4,0,2136.96,99,961670
1059,Thu Dec 24 2020,Sat Dec 26 2020,5,0,1,669.76,99,461815
1060,Mon Dec 28 2020,Mon Jan 04 2021,6,0,0,2136.96,99,517492
1061,Mon Jan 11 2021,Sun Jan 17 2021,1,4,1,1843.52,99,393661
1062,Fri Jan 22 2021,Tue Jan 26 2021,4,1,0,1256.64,99,167391
1063,Sun Jan 31 2021,Fri Feb 05 2021,7,0,0,1550.08,99,469005
1064,Sun Feb 07 2021,Mon Feb 08 2021,7,0,0,376.32,99,25569
1065,Sun Feb 14 2021,Mon Feb 15 2021,2,1,1,376.32,99,338192
1066,Tue Feb 16 2021,Tue Feb 23 2021,4,0,0,2136.96,99,633327
1067,Mon Mar 01 2021,Sat Mar 06 2021,4,1,1,1550.08,99,41202
1068,Thu Mar 11 2021,Mon Mar 15 2021,2,2,1,1256.64,99,885561
1069,Thu Mar 18 2021,Wed Mar 24 2021,3,2,0,1843.52,99,39055
1070,Thu Mar 25 2021,Tue Mar 30 2021,7,0,0,1550.08,99,877383
1071,Wed Mar 31 2021,Sat Apr 03 2021,2,0,4,963.20,99,651350
1072,Fri Apr 09 2021,Thu Apr 15 2021,1,3,1,1843.52,99,964300
1073,Sun Apr 18 2021,Sun Apr 25 2021,1,5,0,2136.96,99,827733
1074,Tue Apr 27 2021,Tue May 04 2021,5,1,0,2136.96,99,214541
1075,Tue Dec 08 2020,Sun Dec 20 2020,5,0,1,2985.92,100,562800
1076,Fri Dec 25 2020,Sat Jan 09 2021,3,3,0,3701.60,100,875504
1077,Thu Jan 14 2021,Thu Feb 11 2021,4,2,0,6802.88,100,311174
1078,Sat Feb 13 2021,Tue Feb 23 2021,7,0,0,2508.80,100,312390
1079,Tue Mar 02 2021,Mon Mar 29 2021,5,0,0,6564.32,100,927756
1080,Thu Apr 01 2021,Wed Apr 14 2021,3,1,1,3224.48,100,263255
1081,Thu Apr 15 2021,Sun May 02 2021,3,3,0,4178.72,100,312784
1082,Wed May 05 2021,Mon May 17 2021,1,4,1,2985.92,100,598590
1083,Tue May 18 2021,Mon Jun 14 2021,1,2,1,6564.32,100,677784
1084,Sun Jun 20 2021,Mon Jul 05 2021,7,0,0,3701.60,100,903397
1085,Tue Jul 06 2021,Tue Jul 13 2021,7,0,0,1793.12,100,630848
1086,Sat Jul 17 2021,Sun Aug 01 2021,4,2,0,3701.60,100,343344
1087,Sun Aug 08 2021,Mon Aug 09 2021,5,1,0,361.76,100,65216
1088,Wed Aug 11 2021,Thu Sep 02 2021,7,0,0,5371.52,100,328735
1089,Sun Sep 05 2021,Thu Sep 09 2021,7,0,0,1077.44,100,799968
1090,Wed Sep 15 2021,Sat Sep 25 2021,5,1,0,2508.80,100,608962
1091,Fri Oct 01 2021,Tue Oct 05 2021,2,3,0,1077.44,100,475472
